{
  "summary": {
    "successRate": 1,
    "total": 10.000367571,
    "slowest": 0.00484696,
    "fastest": 0.000086373,
    "average": 0.0009339381763531385,
    "requestsPerSec": 53445.33550445833,
    "totalData": 6948149,
    "sizePerRequest": 13,
    "sizePerSec": 694789.3615579583
  },
  "responseTimeHistogram": {
    "0.000086373": 1,
    "0.0005624317": 7921,
    "0.0010384904000000001": 418428,
    "0.0015145491000000003": 107507,
    "0.0019906078": 427,
    "0.0024666665": 102,
    "0.0029427252000000003": 37,
    "0.0034187839": 13,
    "0.0038948426": 17,
    "0.0043709013000000005": 6,
    "0.00484696": 14
  },
  "latencyPercentiles": {
    "p10": 0.000737103,
    "p25": 0.000873901,
    "p50": 0.000955603,
    "p75": 0.00102638,
    "p90": 0.001072065,
    "p95": 0.001103984,
    "p99": 0.001196667
  },
  "rps": {
    "mean": 53443.9930273852,
    "stddev": 3847.141093606224,
    "max": 78804.6494743169,
    "percentiles": {
      "p10": 50178.4339100465,
      "p25": 51188.4331875631,
      "p50": 52736.67835979877,
      "p75": 55400.06045657216,
      "p90": 58025.64854762823,
      "p95": 59828.831513912744,
      "p99": 63915.74884052441
    }
  },
  "details": {
    "DNSDialup": {
      "average": 0.0007955707399999999,
      "fastest": 0.00010284,
      "slowest": 0.001295449
    },
    "DNSLookup": {
      "average": 0.00000639554,
      "fastest": 0.000003617,
      "slowest": 0.000029956
    }
  },
  "statusCodeDistribution": {
    "200": 534473
  },
  "errorDistribution": {}
}