{
  "summary": {
    "successRate": 1,
    "total": 10.000371422,
    "slowest": 0.01532556,
    "fastest": 0.00057458,
    "average": 0.0031206933073151762,
    "requestsPerSec": 15990.806066282925,
    "totalData": 2078882,
    "sizePerRequest": 13,
    "sizePerSec": 207880.478861678
  },
  "responseTimeHistogram": {
    "0.00057458": 1,
    "0.002049678": 5891,
    "0.003524776": 136474,
    "0.004999874": 16037,
    "0.006474972": 1089,
    "0.00795007": 259,
    "0.009425168": 103,
    "0.010900266": 19,
    "0.012375364": 17,
    "0.013850462": 16,
    "0.01532556": 8
  },
  "latencyPercentiles": {
    "p10": 0.002842487,
    "p25": 0.00291231,
    "p50": 0.002997829,
    "p75": 0.003311226,
    "p90": 0.003559773,
    "p95": 0.003891688,
    "p99": 0.004944389
  },
  "rps": {
    "mean": 15993.514543154994,
    "stddev": 2094.636607721298,
    "max": 27442.546924753482,
    "percentiles": {
      "p10": 13969.859074273665,
      "p25": 15231.34458401854,
      "p50": 16085.922957476276,
      "p75": 16902.731481407067,
      "p90": 17723.549279927487,
      "p95": 18140.90047420926,
      "p99": 22989.09050581766
    }
  },
  "details": {
    "DNSDialup": {
      "average": 0.0008436632599999999,
      "fastest": 0.000104735,
      "slowest": 0.001818876
    },
    "DNSLookup": {
      "average": 0.00004117784000000001,
      "fastest": 0.000003246,
      "slowest": 0.001725947
    }
  },
  "statusCodeDistribution": {
    "200": 159914
  },
  "errorDistribution": {}
}