{
  "summary": {
    "successRate": 1,
    "total": 10.000742906,
    "slowest": 0.021217763,
    "fastest": 0.00314925,
    "average": 0.004094581917611189,
    "requestsPerSec": 12202.193491724185,
    "totalData": 1586403,
    "sizePerRequest": 13,
    "sizePerSec": 158628.5153924144
  },
  "responseTimeHistogram": {
    "0.00314925": 1,
    "0.0049561013": 114215,
    "0.0067629526": 3833,
    "0.008569803899999999": 1841,
    "0.010376655200000001": 1671,
    "0.0121835065": 288,
    "0.013990357799999999": 99,
    "0.0157972091": 0,
    "0.0176040604": 11,
    "0.0194109117": 37,
    "0.021217763": 35
  },
  "latencyPercentiles": {
    "p10": 0.003357097,
    "p25": 0.003422571,
    "p50": 0.004077945,
    "p75": 0.004179717,
    "p90": 0.00460349,
    "p95": 0.005593552,
    "p99": 0.009441039
  },
  "rps": {
    "mean": 12179.702211712816,
    "stddev": 2124.331693797933,
    "max": 14874.48244922161,
    "percentiles": {
      "p10": 8935.99693739013,
      "p25": 12406.043953937688,
      "p50": 12857.002295346805,
      "p75": 13261.246976641356,
      "p90": 13373.892702475781,
      "p95": 13536.333915119112,
      "p99": 14016.082759511175
    }
  },
  "details": {
    "DNSDialup": {
      "average": 0.0005381483199999998,
      "fastest": 0.000064942,
      "slowest": 0.001014551
    },
    "DNSLookup": {
      "average": 0.00000715932,
      "fastest": 0.000003116,
      "slowest": 0.000031218
    }
  },
  "statusCodeDistribution": {
    "200": 122031
  },
  "errorDistribution": {}
}