{
  "summary": {
    "successRate": 1,
    "total": 10.000561568,
    "slowest": 0.005817129,
    "fastest": 0.000197019,
    "average": 0.0009841528122132447,
    "requestsPerSec": 50722.25160066131,
    "totalData": 6594263,
    "sizePerRequest": 13,
    "sizePerSec": 659389.2708085971
  },
  "responseTimeHistogram": {
    "0.000197019": 1,
    "0.0007590300000000001": 30130,
    "0.0013210410000000002": 474562,
    "0.001883052": 2176,
    "0.0024450630000000004": 147,
    "0.0030070740000000006": 79,
    "0.0035690850000000005": 51,
    "0.004131096": 33,
    "0.004693107": 32,
    "0.0052551180000000005": 16,
    "0.005817129000000001": 24
  },
  "latencyPercentiles": {
    "p10": 0.000830958,
    "p25": 0.000918494,
    "p50": 0.000999089,
    "p75": 0.001065296,
    "p90": 0.001115454,
    "p95": 0.001152208,
    "p99": 0.00123439
  },
  "rps": {
    "mean": 50718.93065735754,
    "stddev": 3241.402249357942,
    "max": 68514.22355281038,
    "percentiles": {
      "p10": 48337.4442025433,
      "p25": 49333.96638572011,
      "p50": 50539.17665350784,
      "p75": 52121.17161991037,
      "p90": 54147.307750738706,
      "p95": 55386.13097227957,
      "p99": 57809.6848676014
    }
  },
  "details": {
    "DNSDialup": {
      "average": 0.0007335644400000001,
      "fastest": 0.000093214,
      "slowest": 0.001730246
    },
    "DNSLookup": {
      "average": 0.000007060980000000001,
      "fastest": 0.000003437,
      "slowest": 0.000029114
    }
  },
  "statusCodeDistribution": {
    "200": 507251
  },
  "errorDistribution": {}
}