{
  "summary": {
    "successRate": 1,
    "total": 10.000240336,
    "slowest": 0.006028293,
    "fastest": 0.000308765,
    "average": 0.0010936701815821483,
    "requestsPerSec": 45644.90298865954,
    "totalData": 5933980,
    "sizePerRequest": 13,
    "sizePerSec": 593383.7388525739
  },
  "responseTimeHistogram": {
    "0.000308765": 1,
    "0.0008807178": 12235,
    "0.0014526705999999999": 441521,
    "0.0020246234": 2358,
    "0.0025965762": 207,
    "0.003168529": 73,
    "0.0037404817999999998": 21,
    "0.0043124346": 14,
    "0.0048843874": 14,
    "0.0054563402": 4,
    "0.006028293": 12
  },
  "latencyPercentiles": {
    "p10": 0.000962685,
    "p25": 0.001013341,
    "p50": 0.001106404,
    "p75": 0.001164437,
    "p90": 0.001214314,
    "p95": 0.001255526,
    "p99": 0.001366439
  },
  "rps": {
    "mean": 45640.95277678033,
    "stddev": 2501.414523934499,
    "max": 63851.79018701978,
    "percentiles": {
      "p10": 44117.51465331766,
      "p25": 45146.839846335555,
      "p50": 45708.757797993,
      "p75": 46411.57968913313,
      "p90": 47018.859264450526,
      "p95": 47651.21326738474,
      "p99": 53209.85446504701
    }
  },
  "details": {
    "DNSDialup": {
      "average": 0.0009815930599999998,
      "fastest": 0.000115024,
      "slowest": 0.001872859
    },
    "DNSLookup": {
      "average": 0.000009129960000000001,
      "fastest": 0.000002595,
      "slowest": 0.000168965
    }
  },
  "statusCodeDistribution": {
    "200": 456460
  },
  "errorDistribution": {}
}