{
  "summary": {
    "successRate": 1,
    "total": 10.000304481,
    "slowest": 0.012010896,
    "fastest": 0.000030809,
    "average": 0.0005820944615439561,
    "requestsPerSec": 85713.39019012415,
    "totalData": 11143080,
    "sizePerRequest": 13,
    "sizePerSec": 1114274.072471614
  },
  "responseTimeHistogram": {
    "0.000030809": 1,
    "0.0012288177": 843061,
    "0.0024268264": 14058,
    "0.0036248351": 39,
    "0.0048228438": 0,
    "0.0060208525": 0,
    "0.007218861199999999": 0,
    "0.0084168699": 0,
    "0.0096148786": 0,
    "0.010812887299999999": 0,
    "0.012010896": 1
  },
  "latencyPercentiles": {
    "p10": 0.000389716,
    "p25": 0.000453221,
    "p50": 0.000508035,
    "p75": 0.000671751,
    "p90": 0.000911618,
    "p95": 0.000987528,
    "p99": 0.001350804
  },
  "rps": {
    "mean": 85732.0925298861,
    "stddev": 9698.245299884,
    "max": 108577.73507788943,
    "percentiles": {
      "p10": 70743.34444714287,
      "p25": 79329.14552806702,
      "p50": 88347.00944372446,
      "p75": 92678.09950382015,
      "p90": 96470.3822725222,
      "p95": 100119.97393480079,
      "p99": 104913.6529602557
    }
  },
  "details": {
    "DNSDialup": {
      "average": 0.0007683231400000001,
      "fastest": 0.000090092,
      "slowest": 0.001149998
    },
    "DNSLookup": {
      "average": 0.000007202399999999998,
      "fastest": 0.000003577,
      "slowest": 0.000031991
    }
  },
  "statusCodeDistribution": {
    "200": 857160
  },
  "errorDistribution": {}
}