{
  "summary": {
    "successRate": 1,
    "total": 10.000246153,
    "slowest": 0.00393056,
    "fastest": 0.000188996,
    "average": 0.000949947150606913,
    "requestsPerSec": 52542.10666028192,
    "totalData": 6830642,
    "sizePerRequest": 13,
    "sizePerSec": 683047.3865836649
  },
  "responseTimeHistogram": {
    "0.000188996": 1,
    "0.0005631524": 4520,
    "0.0009373087999999999": 210603,
    "0.0013114652": 308516,
    "0.0016856216": 1479,
    "0.002059778": 165,
    "0.0024339343999999997": 55,
    "0.0028080908": 34,
    "0.0031822471999999997": 23,
    "0.0035564035999999994": 14,
    "0.00393056": 24
  },
  "latencyPercentiles": {
    "p10": 0.000810595,
    "p25": 0.000889766,
    "p50": 0.000965657,
    "p75": 0.001027883,
    "p90": 0.001073056,
    "p95": 0.001105841,
    "p99": 0.001193997
  },
  "rps": {
    "mean": 52542.049529867836,
    "stddev": 3171.8540431988818,
    "max": 67116.28912336999,
    "percentiles": {
      "p10": 50118.25306777404,
      "p25": 51019.3751339381,
      "p50": 51922.342183837536,
      "p75": 53539.63003415147,
      "p90": 56419.155091811146,
      "p95": 58378.56662236604,
      "p99": 61819.396091844326
    }
  },
  "details": {
    "DNSDialup": {
      "average": 0.0007592567000000001,
      "fastest": 0.00009695,
      "slowest": 0.001682079
    },
    "DNSLookup": {
      "average": 0.000007951679999999997,
      "fastest": 0.000003627,
      "slowest": 0.000039854
    }
  },
  "statusCodeDistribution": {
    "200": 525434
  },
  "errorDistribution": {}
}