{
  "summary": {
    "successRate": 1,
    "total": 10.00030826,
    "slowest": 0.014160494,
    "fastest": 0.000484822,
    "average": 0.0016350045708939931,
    "requestsPerSec": 30543.258473514292,
    "totalData": 3970746,
    "sizePerRequest": 13,
    "sizePerSec": 397062.3601556858
  },
  "responseTimeHistogram": {
    "0.000484822": 1,
    "0.0018523892": 268700,
    "0.0032199563999999996": 33653,
    "0.0045875236": 1308,
    "0.0059550908": 532,
    "0.007322658": 1098,
    "0.008690225199999999": 48,
    "0.0100577924": 52,
    "0.011425359599999999": 0,
    "0.012792926799999998": 0,
    "0.014160494": 50
  },
  "latencyPercentiles": {
    "p10": 0.001090761,
    "p25": 0.001423445,
    "p50": 0.001680482,
    "p75": 0.00175985,
    "p90": 0.001922447,
    "p95": 0.002116046,
    "p99": 0.003244467
  },
  "rps": {
    "mean": 30539.767549004926,
    "stddev": 4046.90950590036,
    "max": 36041.88066533346,
    "percentiles": {
      "p10": 28536.798201280562,
      "p25": 30217.501977144646,
      "p50": 31385.103878958987,
      "p75": 32469.29382916182,
      "p90": 33436.27166750509,
      "p95": 33964.99764149084,
      "p99": 35139.53910980841
    }
  },
  "details": {
    "DNSDialup": {
      "average": 0.0007113513800000001,
      "fastest": 0.000091941,
      "slowest": 0.001603699
    },
    "DNSLookup": {
      "average": 0.00000667576,
      "fastest": 0.000003096,
      "slowest": 0.00002681
    }
  },
  "statusCodeDistribution": {
    "200": 305442
  },
  "errorDistribution": {}
}