{
  "summary": {
    "successRate": 1,
    "total": 10.000362486,
    "slowest": 0.023129279,
    "fastest": 0.000253013,
    "average": 0.002852252654285492,
    "requestsPerSec": 17490.965976970685,
    "totalData": 2273908,
    "sizePerRequest": 13,
    "sizePerSec": 227382.55770061893
  },
  "responseTimeHistogram": {
    "0.000253013": 1,
    "0.0025406395999999997": 2715,
    "0.0048282661999999995": 167106,
    "0.007115892799999999": 4693,
    "0.0094035194": 297,
    "0.011691146": 45,
    "0.013978772599999998": 18,
    "0.0162663992": 8,
    "0.0185540258": 8,
    "0.020841652399999997": 12,
    "0.023129279": 13
  },
  "latencyPercentiles": {
    "p10": 0.002601602,
    "p25": 0.002638159,
    "p50": 0.002693411,
    "p75": 0.002864072,
    "p90": 0.003063807,
    "p95": 0.003222094,
    "p99": 0.005800245
  },
  "rps": {
    "mean": 17490.59901857165,
    "stddev": 1948.706782974741,
    "max": 19837.84266867476,
    "percentiles": {
      "p10": 16103.811772246123,
      "p25": 17087.51580978875,
      "p50": 18145.24153070841,
      "p75": 18472.799455374472,
      "p90": 18662.2703976335,
      "p95": 18766.01320464872,
      "p99": 18930.282773353338
    }
  },
  "details": {
    "DNSDialup": {
      "average": 0.00085836464,
      "fastest": 0.000117494,
      "slowest": 0.001192267
    },
    "DNSLookup": {
      "average": 0.000006889680000000001,
      "fastest": 0.000003106,
      "slowest": 0.000031088
    }
  },
  "statusCodeDistribution": {
    "200": 174916
  },
  "errorDistribution": {}
}