{
  "summary": {
    "successRate": 1,
    "total": 10.00043981,
    "slowest": 0.00528769,
    "fastest": 0.000206249,
    "average": 0.0009687077181169054,
    "requestsPerSec": 51529.733670783426,
    "totalData": 6699160,
    "sizePerRequest": 13,
    "sizePerSec": 669886.5377201845
  },
  "responseTimeHistogram": {
    "0.000206249": 1,
    "0.0007143931": 18076,
    "0.0012225372": 492654,
    "0.0017306813": 4280,
    "0.0022388254": 154,
    "0.0027469695": 90,
    "0.0032551136000000002": 17,
    "0.0037632577": 15,
    "0.0042714018000000005": 23,
    "0.0047795459": 9,
    "0.00528769": 1
  },
  "latencyPercentiles": {
    "p10": 0.000839736,
    "p25": 0.000904947,
    "p50": 0.000981627,
    "p75": 0.001041422,
    "p90": 0.001089185,
    "p95": 0.00112505,
    "p99": 0.001213773
  },
  "rps": {
    "mean": 51528.14711028952,
    "stddev": 2813.623657619181,
    "max": 68198.4682522989,
    "percentiles": {
      "p10": 49534.6643581185,
      "p25": 50298.97832955418,
      "p50": 51104.0383658563,
      "p75": 52355.45489782761,
      "p90": 54591.10709863664,
      "p95": 55940.16093058648,
      "p99": 59252.966226509736
    }
  },
  "details": {
    "DNSDialup": {
      "average": 0.0008036045200000002,
      "fastest": 0.000088384,
      "slowest": 0.001754796
    },
    "DNSLookup": {
      "average": 0.00003960096,
      "fastest": 0.000003747,
      "slowest": 0.001663052
    }
  },
  "statusCodeDistribution": {
    "200": 515320
  },
  "errorDistribution": {}
}