{
  "summary": {
    "successRate": 1,
    "total": 10.000716308,
    "slowest": 0.021610429,
    "fastest": 0.000741478,
    "average": 0.0035260496055330008,
    "requestsPerSec": 14168.485100077494,
    "totalData": 1842035,
    "sizePerRequest": 13,
    "sizePerSec": 184190.30630100743
  },
  "responseTimeHistogram": {
    "0.000741478": 1,
    "0.0028283731": 18853,
    "0.0049152682000000005": 118332,
    "0.007002163300000001": 2730,
    "0.0090890584": 901,
    "0.0111759535": 578,
    "0.013262848600000002": 164,
    "0.015349743700000001": 41,
    "0.0174366388": 45,
    "0.0195235339": 0,
    "0.021610429": 50
  },
  "latencyPercentiles": {
    "p10": 0.001912209,
    "p25": 0.003366842,
    "p50": 0.003653649,
    "p75": 0.003864161,
    "p90": 0.00407932,
    "p95": 0.004302969,
    "p99": 0.007576584
  },
  "rps": {
    "mean": 14235.035023640525,
    "stddev": 2879.6372058729257,
    "max": 41382.56254300899,
    "percentiles": {
      "p10": 11504.787141929623,
      "p25": 13106.489022715103,
      "p50": 14413.73677900053,
      "p75": 15444.898183735471,
      "p90": 17583.827302489077,
      "p95": 18279.387961506494,
      "p99": 19133.039585800947
    }
  },
  "details": {
    "DNSDialup": {
      "average": 0.00066192534,
      "fastest": 0.00007517,
      "slowest": 0.001587779
    },
    "DNSLookup": {
      "average": 0.000007014299999999998,
      "fastest": 0.000003326,
      "slowest": 0.000033132
    }
  },
  "statusCodeDistribution": {
    "200": 141695
  },
  "errorDistribution": {}
}