{
  "summary": {
    "successRate": 1,
    "total": 10.000427719,
    "slowest": 0.033302901,
    "fastest": 0.001512644,
    "average": 0.012843130886947827,
    "requestsPerSec": 3886.533765566433,
    "totalData": 505271,
    "sizePerRequest": 13,
    "sizePerSec": 50524.93895236363
  },
  "responseTimeHistogram": {
    "0.001512644": 1,
    "0.0046916697": 7610,
    "0.0078706954": 1548,
    "0.0110497211": 6377,
    "0.0142287468": 6818,
    "0.0174077725": 6091,
    "0.0205867982": 5684,
    "0.0237658239": 2370,
    "0.0269448496": 2294,
    "0.030123875300000002": 44,
    "0.033302901": 30
  },
  "latencyPercentiles": {
    "p10": 0.003457334,
    "p25": 0.008264805,
    "p50": 0.013025103,
    "p75": 0.017834191,
    "p90": 0.021151172,
    "p95": 0.024412489,
    "p99": 0.025803489
  },
  "rps": {
    "mean": 3754.9749720881096,
    "stddev": 2588.947607872573,
    "max": 16519.173560022602,
    "percentiles": {
      "p10": 1930.1377855175629,
      "p25": 2472.9292926570542,
      "p50": 2986.7256336812375,
      "p75": 3952.598048686292,
      "p90": 5384.311999343122,
      "p95": 6914.493860306587,
      "p99": 15462.70746384892
    }
  },
  "details": {
    "DNSDialup": {
      "average": 0.0007107656000000002,
      "fastest": 0.000108699,
      "slowest": 0.001781683
    },
    "DNSLookup": {
      "average": 0.000006964139999999999,
      "fastest": 0.000002956,
      "slowest": 0.000027952
    }
  },
  "statusCodeDistribution": {
    "200": 38867
  },
  "errorDistribution": {}
}