{
  "summary": {
    "successRate": 1,
    "total": 10.000543484,
    "slowest": 0.02208324,
    "fastest": 0.000307824,
    "average": 0.0025745641054356182,
    "requestsPerSec": 19374.74701349941,
    "totalData": 2518854,
    "sizePerRequest": 13,
    "sizePerSec": 251871.71117549235
  },
  "responseTimeHistogram": {
    "0.000307824": 1,
    "0.0024853656": 115840,
    "0.0046629072": 73064,
    "0.0068404488": 4567,
    "0.0090179904": 204,
    "0.011195532": 25,
    "0.0133730736": 15,
    "0.015550615200000001": 7,
    "0.017728156800000002": 9,
    "0.0199056984": 13,
    "0.02208324": 13
  },
  "latencyPercentiles": {
    "p10": 0.002329427,
    "p25": 0.002379558,
    "p50": 0.002450104,
    "p75": 0.002587856,
    "p90": 0.002810156,
    "p95": 0.002911493,
    "p99": 0.005035731
  },
  "rps": {
    "mean": 19375.170900555793,
    "stddev": 1964.9186722848897,
    "max": 23801.09961080261,
    "percentiles": {
      "p10": 17552.677339964946,
      "p25": 19158.146891631914,
      "p50": 19933.11935096076,
      "p75": 20360.70748543826,
      "p90": 20639.601202827223,
      "p95": 20808.23589976905,
      "p99": 21103.015620931033
    }
  },
  "details": {
    "DNSDialup": {
      "average": 0.0009659670599999997,
      "fastest": 0.000093524,
      "slowest": 0.002038898
    },
    "DNSLookup": {
      "average": 0.0000059551399999999985,
      "fastest": 0.000002605,
      "slowest": 0.000031428
    }
  },
  "statusCodeDistribution": {
    "200": 193758
  },
  "errorDistribution": {}
}