{
  "summary": {
    "successRate": 1,
    "total": 10.000345141,
    "slowest": 0.004085873,
    "fastest": 0.000043362,
    "average": 0.0005857329015152563,
    "requestsPerSec": 85190.95971069744,
    "totalData": 11075207,
    "sizePerRequest": 13,
    "sizePerSec": 1107482.4762390668
  },
  "responseTimeHistogram": {
    "0.000043362": 1,
    "0.00044761310000000006": 265481,
    "0.0008518642000000001": 483271,
    "0.0012561153": 85124,
    "0.0016603664": 15341,
    "0.0020646175": 2548,
    "0.0024688686": 128,
    "0.0028731197": 22,
    "0.0032773708": 3,
    "0.0036816219000000002": 0,
    "0.004085873": 20
  },
  "latencyPercentiles": {
    "p10": 0.000314837,
    "p25": 0.000408811,
    "p50": 0.000555904,
    "p75": 0.000701768,
    "p90": 0.00088116,
    "p95": 0.001015513,
    "p99": 0.001450574
  },
  "rps": {
    "mean": 85201.18741402913,
    "stddev": 15662.149364517096,
    "max": 105777.38868081763,
    "percentiles": {
      "p10": 60861.07408784214,
      "p25": 70504.73791838712,
      "p50": 90719.12359125297,
      "p75": 98358.65250649182,
      "p90": 102071.91973440675,
      "p95": 103820.81607361372,
      "p99": 104895.6543471968
    }
  },
  "details": {
    "DNSDialup": {
      "average": 0.0006017663600000001,
      "fastest": 0.000077216,
      "slowest": 0.00083817
    },
    "DNSLookup": {
      "average": 0.0000059533,
      "fastest": 0.000003346,
      "slowest": 0.000025577
    }
  },
  "statusCodeDistribution": {
    "200": 851939
  },
  "errorDistribution": {}
}