{
  "summary": {
    "successRate": 1,
    "total": 10.000232508,
    "slowest": 0.005079509,
    "fastest": 0.000289208,
    "average": 0.001020724682742485,
    "requestsPerSec": 48904.56292978823,
    "totalData": 6357741,
    "sizePerRequest": 13,
    "sizePerSec": 635759.3180872471
  },
  "responseTimeHistogram": {
    "0.000289208": 1,
    "0.0007682381": 17823,
    "0.0012472682": 464554,
    "0.0017262983": 5911,
    "0.0022053284": 527,
    "0.0026843585": 127,
    "0.0031633886": 53,
    "0.0036424187": 8,
    "0.0041214488": 20,
    "0.0046004789": 15,
    "0.005079509": 18
  },
  "latencyPercentiles": {
    "p10": 0.000880854,
    "p25": 0.000952199,
    "p50": 0.00103157,
    "p75": 0.00109953,
    "p90": 0.001143568,
    "p95": 0.001176442,
    "p99": 0.001271938
  },
  "rps": {
    "mean": 48903.5319437866,
    "stddev": 2809.291737569451,
    "max": 59596.86146014759,
    "percentiles": {
      "p10": 46938.18421285721,
      "p25": 47717.61983705309,
      "p50": 48756.29722763758,
      "p75": 50101.97106575851,
      "p90": 51795.93124426029,
      "p95": 52822.8236295049,
      "p99": 54186.6408296221
    }
  },
  "details": {
    "DNSDialup": {
      "average": 0.0007995123199999999,
      "fastest": 0.000174234,
      "slowest": 0.001101009
    },
    "DNSLookup": {
      "average": 0.000006672580000000001,
      "fastest": 0.000003636,
      "slowest": 0.000024065
    }
  },
  "statusCodeDistribution": {
    "200": 489057
  },
  "errorDistribution": {}
}