{
  "summary": {
    "successRate": 1,
    "total": 10.000262329,
    "slowest": 0.003207298,
    "fastest": 0.000026231,
    "average": 0.0005965306336789948,
    "requestsPerSec": 83638.10592993096,
    "totalData": 10873239,
    "sizePerRequest": 13,
    "sizePerSec": 1087295.3770891023
  },
  "responseTimeHistogram": {
    "0.000026231": 1,
    "0.0003443377": 75476,
    "0.0006624444": 488492,
    "0.0009805511": 222946,
    "0.0012986578": 39764,
    "0.0016167645": 9218,
    "0.0019348712": 474,
    "0.0022529778999999996": 20,
    "0.0025710845999999997": 7,
    "0.0028891913": 4,
    "0.003207298": 1
  },
  "latencyPercentiles": {
    "p10": 0.000352926,
    "p25": 0.00044097,
    "p50": 0.000560678,
    "p75": 0.000712425,
    "p90": 0.000885036,
    "p95": 0.001013912,
    "p99": 0.0013224
  },
  "rps": {
    "mean": 83623.93012309987,
    "stddev": 11255.514383598826,
    "max": 107680.18943707363,
    "percentiles": {
      "p10": 68944.200126698,
      "p25": 74636.15375288118,
      "p50": 82521.65368193116,
      "p75": 93079.18246051692,
      "p90": 99825.73307948593,
      "p95": 101968.99222013653,
      "p99": 106351.1888500746
    }
  },
  "details": {
    "DNSDialup": {
      "average": 0.0006565949799999998,
      "fastest": 0.000079124,
      "slowest": 0.001479524
    },
    "DNSLookup": {
      "average": 0.0000212596,
      "fastest": 0.000003727,
      "slowest": 0.000702481
    }
  },
  "statusCodeDistribution": {
    "200": 836403
  },
  "errorDistribution": {}
}