{
  "summary": {
    "successRate": 1,
    "total": 10.001304875,
    "slowest": 0.024037936,
    "fastest": 0.002113868,
    "average": 0.007096713870218247,
    "requestsPerSec": 7036.281853171684,
    "totalData": 914836,
    "sizePerRequest": 13,
    "sizePerSec": 91471.66409123188
  },
  "responseTimeHistogram": {
    "0.002113868": 1,
    "0.0043062748": 18,
    "0.0064986816": 20850,
    "0.0086910884": 43015,
    "0.0108834952": 2740,
    "0.013075901999999999": 1526,
    "0.0152683088": 1918,
    "0.0174607156": 274,
    "0.0196531224": 10,
    "0.0218455292": 8,
    "0.024037936": 12
  },
  "latencyPercentiles": {
    "p10": 0.005526825,
    "p25": 0.006422837,
    "p50": 0.006610995,
    "p75": 0.007251072,
    "p90": 0.008584356,
    "p95": 0.011403206,
    "p99": 0.013481691
  },
  "rps": {
    "mean": 7062.1408784605355,
    "stddev": 1622.3844622004547,
    "max": 10226.096673334916,
    "percentiles": {
      "p10": 5217.963884264296,
      "p25": 6443.452712053989,
      "p50": 7508.290654540666,
      "p75": 7889.239028657105,
      "p90": 8832.210187331864,
      "p95": 9095.511971209864,
      "p99": 9513.1818432434
    }
  },
  "details": {
    "DNSDialup": {
      "average": 0.0007981158400000002,
      "fastest": 0.000360364,
      "slowest": 0.00109871
    },
    "DNSLookup": {
      "average": 0.0000067674,
      "fastest": 0.000003326,
      "slowest": 0.000029916
    }
  },
  "statusCodeDistribution": {
    "200": 70372
  },
  "errorDistribution": {}
}