{
  "summary": {
    "successRate": 1,
    "total": 10.000541112,
    "slowest": 0.009871532,
    "fastest": 0.000793817,
    "average": 0.0014532691631244145,
    "requestsPerSec": 34359.64075860698,
    "totalData": 4466995,
    "sizePerRequest": 13,
    "sizePerSec": 446675.32986189076
  },
  "responseTimeHistogram": {
    "0.000793817": 1,
    "0.0017015885000000001": 336431,
    "0.00260936": 6163,
    "0.0035171315": 700,
    "0.004424903": 201,
    "0.0053326745000000005": 19,
    "0.006240446": 0,
    "0.0071482175": 12,
    "0.008055989": 18,
    "0.008963760500000001": 60,
    "0.009871532": 10
  },
  "latencyPercentiles": {
    "p10": 0.001273494,
    "p25": 0.001321047,
    "p50": 0.00147531,
    "p75": 0.001539882,
    "p90": 0.001599345,
    "p95": 0.00164717,
    "p99": 0.001951542
  },
  "rps": {
    "mean": 34357.680704242266,
    "stddev": 2347.9444135446793,
    "max": 36630.80389536967,
    "percentiles": {
      "p10": 33656.75538660852,
      "p25": 34311.42291477476,
      "p50": 34638.63593452234,
      "p75": 35160.12678087554,
      "p90": 35457.20300487639,
      "p95": 35646.922043487335,
      "p99": 36032.31787770785
    }
  },
  "details": {
    "DNSDialup": {
      "average": 0.0008530121600000001,
      "fastest": 0.00046506,
      "slowest": 0.001151646
    },
    "DNSLookup": {
      "average": 0.000006174860000000001,
      "fastest": 0.000003086,
      "slowest": 0.000026369
    }
  },
  "statusCodeDistribution": {
    "200": 343615
  },
  "errorDistribution": {}
}