{
  "summary": {
    "successRate": 1,
    "total": 10.000215577,
    "slowest": 0.007124627,
    "fastest": 0.000472499,
    "average": 0.0011681760124759672,
    "requestsPerSec": 42737.37868041162,
    "totalData": 5555979,
    "sizePerRequest": 13,
    "sizePerSec": 555585.922845351
  },
  "responseTimeHistogram": {
    "0.000472499": 1,
    "0.0011377117999999999": 172035,
    "0.0018029245999999998": 254022,
    "0.0024681373999999997": 1135,
    "0.0031333501999999997": 105,
    "0.0037985629999999996": 30,
    "0.0044637758": 12,
    "0.0051289885999999995": 7,
    "0.0057942014": 14,
    "0.0064594142": 0,
    "0.007124627": 22
  },
  "latencyPercentiles": {
    "p10": 0.001029029,
    "p25": 0.001076213,
    "p50": 0.001178383,
    "p75": 0.001236586,
    "p90": 0.001290517,
    "p95": 0.001335416,
    "p99": 0.001470877
  },
  "rps": {
    "mean": 42739.754670614566,
    "stddev": 2212.304486952122,
    "max": 49816.99257616773,
    "percentiles": {
      "p10": 41332.35191847111,
      "p25": 42360.465328209364,
      "p50": 43136.01872645932,
      "p75": 43538.78870685963,
      "p90": 44074.061691840776,
      "p95": 44371.74201744747,
      "p99": 45360.214535670886
    }
  },
  "details": {
    "DNSDialup": {
      "average": 0.00073627734,
      "fastest": 0.000077324,
      "slowest": 0.001704264
    },
    "DNSLookup": {
      "average": 0.000006773959999999999,
      "fastest": 0.000003737,
      "slowest": 0.000027331
    }
  },
  "statusCodeDistribution": {
    "200": 427383
  },
  "errorDistribution": {}
}