{
  "summary": {
    "successRate": 1,
    "total": 10.000447772,
    "slowest": 0.010514564,
    "fastest": 0.000425973,
    "average": 0.0012577527969027513,
    "requestsPerSec": 39697.422460575,
    "totalData": 5160896,
    "sizePerRequest": 13,
    "sizePerSec": 516066.491987475
  },
  "responseTimeHistogram": {
    "0.000425973": 1,
    "0.0014348321": 367592,
    "0.0024436912": 27192,
    "0.0034525503": 385,
    "0.0044614094": 116,
    "0.0054702685": 1470,
    "0.0064791276": 107,
    "0.007487986699999999": 70,
    "0.0084968458": 9,
    "0.0095057049": 0,
    "0.010514564": 50
  },
  "latencyPercentiles": {
    "p10": 0.000906427,
    "p25": 0.001168004,
    "p50": 0.001281812,
    "p75": 0.00134181,
    "p90": 0.00140509,
    "p95": 0.001586471,
    "p99": 0.001940712
  },
  "rps": {
    "mean": 39710.0291011244,
    "stddev": 3997.5963610029808,
    "max": 45198.77092517271,
    "percentiles": {
      "p10": 37562.45509408466,
      "p25": 39181.37972569067,
      "p50": 40682.4705981054,
      "p75": 41574.924151554704,
      "p90": 42524.928112860056,
      "p95": 43145.94130166154,
      "p99": 43754.45978577303
    }
  },
  "details": {
    "DNSDialup": {
      "average": 0.00072091114,
      "fastest": 0.000082213,
      "slowest": 0.001659416
    },
    "DNSLookup": {
      "average": 0.0000072232400000000025,
      "fastest": 0.000003466,
      "slowest": 0.000028844
    }
  },
  "statusCodeDistribution": {
    "200": 396992
  },
  "errorDistribution": {}
}