{
  "summary": {
    "successRate": 1,
    "total": 10.000242484,
    "slowest": 0.003370497,
    "fastest": 0.000038231,
    "average": 0.0005747594890287377,
    "requestsPerSec": 86811.19496741996,
    "totalData": 11285729,
    "sizePerRequest": 13,
    "sizePerSec": 1128545.5345764596
  },
  "responseTimeHistogram": {
    "0.000038231": 1,
    "0.0003714576": 146486,
    "0.0007046842": 527718,
    "0.0010379107999999998": 156618,
    "0.0013711373999999998": 27159,
    "0.0017043639999999999": 8836,
    "0.0020375906": 1187,
    "0.0023708172": 106,
    "0.0027040438": 4,
    "0.0030372704": 1,
    "0.003370497": 17
  },
  "latencyPercentiles": {
    "p10": 0.000321897,
    "p25": 0.000420211,
    "p50": 0.000536418,
    "p75": 0.000675998,
    "p90": 0.0008652,
    "p95": 0.001001908,
    "p99": 0.001408085
  },
  "rps": {
    "mean": 86782.05540294606,
    "stddev": 15068.062196145138,
    "max": 107288.59930669266,
    "percentiles": {
      "p10": 62450.7224767949,
      "p25": 74550.60495063779,
      "p50": 91490.17271422633,
      "p75": 99174.30876509058,
      "p90": 102804.25609620291,
      "p95": 104802.34757258663,
      "p99": 106299.62951866194
    }
  },
  "details": {
    "DNSDialup": {
      "average": 0.00084398004,
      "fastest": 0.000146485,
      "slowest": 0.001162431
    },
    "DNSLookup": {
      "average": 0.0000071793999999999986,
      "fastest": 0.000003727,
      "slowest": 0.000033873
    }
  },
  "statusCodeDistribution": {
    "200": 868133
  },
  "errorDistribution": {}
}