{
  "summary": {
    "successRate": 1,
    "total": 10.000227716,
    "slowest": 0.010727833,
    "fastest": 0.00019352,
    "average": 0.00147145309356998,
    "requestsPerSec": 33935.32723830226,
    "totalData": 4411693,
    "sizePerRequest": 13,
    "sizePerSec": 441159.2540979294
  },
  "responseTimeHistogram": {
    "0.00019352": 1,
    "0.0012469513": 168,
    "0.0023003826": 335543,
    "0.0033538138999999996": 2686,
    "0.0044072452": 713,
    "0.0054606765": 147,
    "0.006514107799999999": 46,
    "0.0075675390999999995": 24,
    "0.0086209704": 11,
    "0.0096744017": 7,
    "0.010727833": 15
  },
  "latencyPercentiles": {
    "p10": 0.001371942,
    "p25": 0.001404422,
    "p50": 0.001446922,
    "p75": 0.001493109,
    "p90": 0.001545273,
    "p95": 0.001581901,
    "p99": 0.002381623
  },
  "rps": {
    "mean": 33923.47159955286,
    "stddev": 3007.2452336610418,
    "max": 36106.36230310575,
    "percentiles": {
      "p10": 33418.04908831299,
      "p25": 34147.74195803205,
      "p50": 34434.358603014894,
      "p75": 34826.875900135645,
      "p90": 35131.91278266167,
      "p95": 35260.89536480404,
      "p99": 35486.03411031388
    }
  },
  "details": {
    "DNSDialup": {
      "average": 0.0008115953999999999,
      "fastest": 0.000117502,
      "slowest": 0.00128956
    },
    "DNSLookup": {
      "average": 0.000006245940000000001,
      "fastest": 0.000003316,
      "slowest": 0.000031909
    }
  },
  "statusCodeDistribution": {
    "200": 339361
  },
  "errorDistribution": {}
}