{
  "summary": {
    "successRate": 1,
    "total": 10.000228669,
    "slowest": 0.004519621,
    "fastest": 0.000153465,
    "average": 0.0010647192671131526,
    "requestsPerSec": 46886.92784130974,
    "totalData": 6095440,
    "sizePerRequest": 13,
    "sizePerSec": 609530.0619370267
  },
  "responseTimeHistogram": {
    "0.000153465": 1,
    "0.0005900806": 182,
    "0.0010266962": 124113,
    "0.0014633117999999997": 342937,
    "0.0018999273999999997": 1301,
    "0.002336543": 174,
    "0.0027731585999999997": 89,
    "0.0032097742": 33,
    "0.0036463897999999997": 8,
    "0.0040830054": 19,
    "0.004519621": 23
  },
  "latencyPercentiles": {
    "p10": 0.000983874,
    "p25": 0.001023885,
    "p50": 0.001065636,
    "p75": 0.001107832,
    "p90": 0.001149681,
    "p95": 0.001183629,
    "p99": 0.001306101
  },
  "rps": {
    "mean": 46886.887403064495,
    "stddev": 2244.8022133369436,
    "max": 53835.827743361784,
    "percentiles": {
      "p10": 45478.64622291312,
      "p25": 46223.194799148994,
      "p50": 46944.53628157043,
      "p75": 47637.080703621294,
      "p90": 48910.43945023472,
      "p95": 49726.71319032664,
      "p99": 52230.42422211347
    }
  },
  "details": {
    "DNSDialup": {
      "average": 0.0007897303800000001,
      "fastest": 0.000111127,
      "slowest": 0.001107717
    },
    "DNSLookup": {
      "average": 0.000006138940000000001,
      "fastest": 0.000003396,
      "slowest": 0.000024936
    }
  },
  "statusCodeDistribution": {
    "200": 468880
  },
  "errorDistribution": {}
}