{
  "summary": {
    "successRate": 1,
    "total": 10.000466262,
    "slowest": 0.008589212,
    "fastest": 0.000274765,
    "average": 0.0013707263963059547,
    "requestsPerSec": 36429.50143078039,
    "totalData": 4736056,
    "sizePerRequest": 13,
    "sizePerSec": 473583.51860014506
  },
  "responseTimeHistogram": {
    "0.000274765": 1,
    "0.0011062097000000002": 1261,
    "0.0019376544000000002": 360036,
    "0.0027690991000000006": 2429,
    "0.0036005438000000006": 431,
    "0.0044319885": 26,
    "0.005263433200000001": 30,
    "0.0060948779": 0,
    "0.006926322600000001": 22,
    "0.007757767300000001": 6,
    "0.008589212": 70
  },
  "latencyPercentiles": {
    "p10": 0.001204037,
    "p25": 0.001249912,
    "p50": 0.00138977,
    "p75": 0.001451676,
    "p90": 0.001507074,
    "p95": 0.001548475,
    "p99": 0.001847421
  },
  "rps": {
    "mean": 36426.69684344706,
    "stddev": 2372.3859252352236,
    "max": 40829.850703854354,
    "percentiles": {
      "p10": 35716.02935397353,
      "p25": 36443.469770743905,
      "p50": 36741.13905339914,
      "p75": 37167.74192642893,
      "p90": 37607.921302737705,
      "p95": 37788.44115754018,
      "p99": 38213.439595755786
    }
  },
  "details": {
    "DNSDialup": {
      "average": 0.00072936812,
      "fastest": 0.000070329,
      "slowest": 0.001655725
    },
    "DNSLookup": {
      "average": 0.000006461259999999999,
      "fastest": 0.000003246,
      "slowest": 0.00003273
    }
  },
  "statusCodeDistribution": {
    "200": 364312
  },
  "errorDistribution": {}
}