{
  "summary": {
    "successRate": 1,
    "total": 10.000507978,
    "slowest": 0.006330188,
    "fastest": 0.000195594,
    "average": 0.0011805318951271257,
    "requestsPerSec": 42289.05180920401,
    "totalData": 5497856,
    "sizePerRequest": 13,
    "sizePerSec": 549757.6735196521
  },
  "responseTimeHistogram": {
    "0.000195594": 1,
    "0.0008090533999999999": 1313,
    "0.0014225127999999997": 414555,
    "0.0020359721999999997": 6327,
    "0.0026494315999999996": 498,
    "0.0032628909999999995": 145,
    "0.0038763503999999995": 24,
    "0.004489809799999999": 17,
    "0.0051032692": 14,
    "0.0057167286": 4,
    "0.006330188": 14
  },
  "latencyPercentiles": {
    "p10": 0.001041694,
    "p25": 0.001089898,
    "p50": 0.001190841,
    "p75": 0.001258006,
    "p90": 0.001302028,
    "p95": 0.001336592,
    "p99": 0.001538723
  },
  "rps": {
    "mean": 42280.29562010835,
    "stddev": 2291.546301288594,
    "max": 53534.015513456834,
    "percentiles": {
      "p10": 41202.83063446546,
      "p25": 42008.69329302486,
      "p50": 42432.14234782813,
      "p75": 43078.78990173126,
      "p90": 43806.1898146203,
      "p95": 44245.958276861646,
      "p99": 45425.45562133913
    }
  },
  "details": {
    "DNSDialup": {
      "average": 0.00080370142,
      "fastest": 0.000105105,
      "slowest": 0.001171604
    },
    "DNSLookup": {
      "average": 0.000006187280000000001,
      "fastest": 0.000003476,
      "slowest": 0.000030917
    }
  },
  "statusCodeDistribution": {
    "200": 422912
  },
  "errorDistribution": {}
}