{
  "summary": {
    "successRate": 1,
    "total": 10.000244888,
    "slowest": 0.009813507,
    "fastest": 0.000458715,
    "average": 0.0011583123640976141,
    "requestsPerSec": 43103.04445816488,
    "totalData": 5603533,
    "sizePerRequest": 13,
    "sizePerSec": 560339.5779561434
  },
  "responseTimeHistogram": {
    "0.000458715": 1,
    "0.0013941942000000001": 410839,
    "0.0023296734": 18064,
    "0.0032651526000000005": 508,
    "0.0042006318": 79,
    "0.0051361110000000005": 458,
    "0.006071590200000001": 894,
    "0.0070070694000000005": 147,
    "0.0079425486": 1,
    "0.0088780278": 0,
    "0.009813507": 50
  },
  "latencyPercentiles": {
    "p10": 0.000857718,
    "p25": 0.001062059,
    "p50": 0.001169381,
    "p75": 0.001224904,
    "p90": 0.001282151,
    "p95": 0.001373766,
    "p99": 0.00211919
  },
  "rps": {
    "mean": 43113.733324485234,
    "stddev": 4533.475470138483,
    "max": 49503.786420864286,
    "percentiles": {
      "p10": 40020.270266890475,
      "p25": 42257.045044893515,
      "p50": 44322.275889028155,
      "p75": 45418.99172276872,
      "p90": 46135.64439886245,
      "p95": 46523.20533124978,
      "p99": 47504.816988443476
    }
  },
  "details": {
    "DNSDialup": {
      "average": 0.0008202033599999999,
      "fastest": 0.000109072,
      "slowest": 0.001160234
    },
    "DNSLookup": {
      "average": 0.00000633944,
      "fastest": 0.000003296,
      "slowest": 0.000025057
    }
  },
  "statusCodeDistribution": {
    "200": 431041
  },
  "errorDistribution": {}
}