{
  "summary": {
    "successRate": 1,
    "total": 10.000576762,
    "slowest": 0.014360619,
    "fastest": 0.000568402,
    "average": 0.0015896328494098596,
    "requestsPerSec": 31414.588125932332,
    "totalData": 4084132,
    "sizePerRequest": 13,
    "sizePerSec": 408389.6456371203
  },
  "responseTimeHistogram": {
    "0.000568402": 1,
    "0.0019476237": 294573,
    "0.0033268454": 17579,
    "0.0047060671": 482,
    "0.0060852888": 1335,
    "0.0074645104999999995": 52,
    "0.0088437322": 44,
    "0.010222953899999998": 48,
    "0.0116021756": 0,
    "0.0129813973": 0,
    "0.014360618999999998": 50
  },
  "latencyPercentiles": {
    "p10": 0.001063186,
    "p25": 0.001420134,
    "p50": 0.001650193,
    "p75": 0.001725184,
    "p90": 0.001801128,
    "p95": 0.002078815,
    "p99": 0.002634056
  },
  "rps": {
    "mean": 31424.62597350821,
    "stddev": 3409.975325000629,
    "max": 36520.974215878035,
    "percentiles": {
      "p10": 29603.158657027754,
      "p25": 30865.853880187515,
      "p50": 32138.089519339974,
      "p75": 33071.14649020211,
      "p90": 33835.34113760556,
      "p95": 34427.55047668069,
      "p99": 35364.69529986533
    }
  },
  "details": {
    "DNSDialup": {
      "average": 0.00080026024,
      "fastest": 0.000091268,
      "slowest": 0.001643129
    },
    "DNSLookup": {
      "average": 0.000024917419999999998,
      "fastest": 0.000003287,
      "slowest": 0.000915405
    }
  },
  "statusCodeDistribution": {
    "200": 314164
  },
  "errorDistribution": {}
}