{
  "summary": {
    "successRate": 1,
    "total": 10.000420598,
    "slowest": 0.004471831,
    "fastest": 0.000269393,
    "average": 0.0009976801312393411,
    "requestsPerSec": 50030.8957105326,
    "totalData": 6504290,
    "sizePerRequest": 13,
    "sizePerSec": 650401.6442369238
  },
  "responseTimeHistogram": {
    "0.000269393": 1,
    "0.0006896368": 5863,
    "0.0011098806": 448707,
    "0.0015301243999999998": 45083,
    "0.0019503682": 394,
    "0.0023706120000000002": 121,
    "0.0027908558": 95,
    "0.0032110996": 17,
    "0.0036313434": 7,
    "0.0040515872": 14,
    "0.004471831": 28
  },
  "latencyPercentiles": {
    "p10": 0.000880268,
    "p25": 0.000931685,
    "p50": 0.001006824,
    "p75": 0.001062177,
    "p90": 0.001105789,
    "p95": 0.001139861,
    "p99": 0.001234117
  },
  "rps": {
    "mean": 50029.06545386607,
    "stddev": 2554.669033447603,
    "max": 68814.51986369309,
    "percentiles": {
      "p10": 48518.49672455031,
      "p25": 49236.91291361414,
      "p50": 49913.28691697719,
      "p75": 50736.956799331725,
      "p90": 51799.314826315785,
      "p95": 53179.1367529827,
      "p99": 56704.38891970411
    }
  },
  "details": {
    "DNSDialup": {
      "average": 0.0006690162999999999,
      "fastest": 0.000073004,
      "slowest": 0.00123777
    },
    "DNSLookup": {
      "average": 0.000007389359999999998,
      "fastest": 0.000003737,
      "slowest": 0.000035556
    }
  },
  "statusCodeDistribution": {
    "200": 500330
  },
  "errorDistribution": {}
}