{
  "summary": {
    "successRate": 1,
    "total": 10.000495224,
    "slowest": 0.003610862,
    "fastest": 0.000180111,
    "average": 0.0008460018145320573,
    "requestsPerSec": 58994.87843203234,
    "totalData": 7669714,
    "sizePerRequest": 13,
    "sizePerSec": 766933.4196164204
  },
  "responseTimeHistogram": {
    "0.000180111": 1,
    "0.0005231861": 25118,
    "0.0008662612": 246835,
    "0.0012093362999999998": 315893,
    "0.0015524113999999998": 1889,
    "0.0018954864999999998": 107,
    "0.0022385616": 76,
    "0.0025816367": 12,
    "0.0029247118": 0,
    "0.0032677869": 11,
    "0.003610862": 36
  },
  "latencyPercentiles": {
    "p10": 0.000564499,
    "p25": 0.000780875,
    "p50": 0.000879396,
    "p75": 0.000952078,
    "p90": 0.001008934,
    "p95": 0.001052306,
    "p99": 0.001148974
  },
  "rps": {
    "mean": 58993.045410013285,
    "stddev": 7973.234102293242,
    "max": 89054.18842182696,
    "percentiles": {
      "p10": 53621.74361703668,
      "p25": 54733.2997395616,
      "p50": 55785.116931417106,
      "p75": 59643.395598251474,
      "p90": 71849.60496727195,
      "p95": 78705.90294272146,
      "p99": 84534.94312972784
    }
  },
  "details": {
    "DNSDialup": {
      "average": 0.0006808836000000002,
      "fastest": 0.000094856,
      "slowest": 0.001418434
    },
    "DNSLookup": {
      "average": 0.00000781656,
      "fastest": 0.000005029,
      "slowest": 0.000031288
    }
  },
  "statusCodeDistribution": {
    "200": 589978
  },
  "errorDistribution": {}
}