{
  "summary": {
    "successRate": 1,
    "total": 10.000389099,
    "slowest": 0.099596026,
    "fastest": 0.006036129,
    "average": 0.007849932927633816,
    "requestsPerSec": 6361.8524609569295,
    "totalData": 827073,
    "sizePerRequest": 13,
    "sizePerSec": 82704.08199244009
  },
  "responseTimeHistogram": {
    "0.006036129": 1,
    "0.015392118700000002": 63488,
    "0.024748108400000003": 82,
    "0.0341040981": 0,
    "0.043460087800000005": 0,
    "0.0528160775": 0,
    "0.06217206720000001": 0,
    "0.07152805690000001": 0,
    "0.08088404660000001": 1,
    "0.0902400363": 17,
    "0.099596026": 32
  },
  "latencyPercentiles": {
    "p10": 0.006273264,
    "p25": 0.007328215,
    "p50": 0.0075401,
    "p75": 0.008036084,
    "p90": 0.009295972,
    "p95": 0.01048309,
    "p99": 0.013195513
  },
  "rps": {
    "mean": 6404.873020525162,
    "stddev": 958.4360975430918,
    "max": 8059.63403821217,
    "percentiles": {
      "p10": 5062.246394111297,
      "p25": 6147.667786483093,
      "p50": 6554.446475986513,
      "p75": 6776.58421114556,
      "p90": 7802.449969290186,
      "p95": 7920.442662511684,
      "p99": 8030.058919553851
    }
  },
  "details": {
    "DNSDialup": {
      "average": 0.0007698969200000002,
      "fastest": 0.000161105,
      "slowest": 0.00120491
    },
    "DNSLookup": {
      "average": 0.0000070024,
      "fastest": 0.000003677,
      "slowest": 0.000033021
    }
  },
  "statusCodeDistribution": {
    "200": 63621
  },
  "errorDistribution": {}
}