{
  "summary": {
    "successRate": 1,
    "total": 10.000240811,
    "slowest": 0.003303185,
    "fastest": 0.000040285,
    "average": 0.0006029812399961081,
    "requestsPerSec": 82743.10745495507,
    "totalData": 10756863,
    "sizePerRequest": 13,
    "sizePerSec": 1075660.396914416
  },
  "responseTimeHistogram": {
    "0.000040285": 1,
    "0.000366575": 135903,
    "0.0006928650000000001": 444665,
    "0.001019155": 208039,
    "0.001345445": 27178,
    "0.001671735": 8801,
    "0.0019980250000000005": 2697,
    "0.0023243150000000004": 57,
    "0.0026506050000000003": 65,
    "0.0029768950000000002": 26,
    "0.003303185": 19
  },
  "latencyPercentiles": {
    "p10": 0.000321538,
    "p25": 0.000423047,
    "p50": 0.000571212,
    "p75": 0.000740898,
    "p90": 0.000911237,
    "p95": 0.001006923,
    "p99": 0.001442053
  },
  "rps": {
    "mean": 82743.84915808226,
    "stddev": 17249.912436296356,
    "max": 104857.99876701614,
    "percentiles": {
      "p10": 58539.73677332221,
      "p25": 63580.46743959149,
      "p50": 88938.20531335089,
      "p75": 98420.45176987622,
      "p90": 101687.54091491358,
      "p95": 102585.32021081905,
      "p99": 103815.84229753827
    }
  },
  "details": {
    "DNSDialup": {
      "average": 0.0007265996599999998,
      "fastest": 0.000071743,
      "slowest": 0.00170003
    },
    "DNSLookup": {
      "average": 0.00000781554,
      "fastest": 0.000003456,
      "slowest": 0.000042539
    }
  },
  "statusCodeDistribution": {
    "200": 827451
  },
  "errorDistribution": {}
}