{
  "summary": {
    "successRate": 1,
    "total": 10.000375345,
    "slowest": 0.013616904,
    "fastest": 0.000929712,
    "average": 0.002979879886724006,
    "requestsPerSec": 16741.671609726964,
    "totalData": 2176499,
    "sizePerRequest": 13,
    "sizePerSec": 217641.73092645055
  },
  "responseTimeHistogram": {
    "0.000929712": 1,
    "0.0021984312000000003": 238,
    "0.0034671504000000006": 146924,
    "0.0047358696": 18247,
    "0.006004588800000001": 754,
    "0.007273308000000002": 58,
    "0.008542027200000002": 1035,
    "0.0098107464": 116,
    "0.011079465600000001": 9,
    "0.012348184800000002": 10,
    "0.013616904000000003": 31
  },
  "latencyPercentiles": {
    "p10": 0.002681206,
    "p25": 0.002759008,
    "p50": 0.002838297,
    "p75": 0.002942676,
    "p90": 0.00359941,
    "p95": 0.003822211,
    "p99": 0.005090072
  },
  "rps": {
    "mean": 16752.117776511437,
    "stddev": 2123.7716955612354,
    "max": 20261.627746064165,
    "percentiles": {
      "p10": 15257.94203487747,
      "p25": 15955.957274443048,
      "p50": 17131.041447101772,
      "p75": 18033.576716489613,
      "p90": 18703.83092934051,
      "p95": 18979.621967873583,
      "p99": 19464.388196152675
    }
  },
  "details": {
    "DNSDialup": {
      "average": 0.0007355705199999999,
      "fastest": 0.000071681,
      "slowest": 0.001647608
    },
    "DNSLookup": {
      "average": 0.000007467479999999999,
      "fastest": 0.000003105,
      "slowest": 0.000040536
    }
  },
  "statusCodeDistribution": {
    "200": 167423
  },
  "errorDistribution": {}
}